<?xml version="1.0" encoding="UTF-8"?>
<!--
<?xml-stylesheet type="text/xsl" version="2.0" href="MyXSLT.xsl"?>
-->
<favourites>

<game>
<title>Legend of Mana</title>
<genre>Japanese Role-Playing Game</genre>
<developer>Square</developer>
<year>1999</year>
<my_review>An action rpg from the PS1 era. Sporting beautiful hand drawn graphics and a world built by the player.</my_review>
</game>

<game>
<title>Harvest Moon DS - Grand Bazaar</title>
<genre>Farm Life Simulation</genre>
<developer>Marvelous Entertainment Inc.</developer>
<year>2008</year>
<my_review>A Harvest Moon game that incoporated a bazaar as your main way to gain income. Cute and simple, a great time passer.</my_review>
</game>

<game>
<title>Touhou Eiyashou - Imperishable Night</title>
<genre>Vertical Danmaku Shooting Game</genre>
<developer>Team Shanghai Alice</developer>
<year>2004</year>
<my_review>My main introductory into bullet hells and Touhou Project, which I still love today. Also hard as all hell.</my_review>
</game>

<game>
<title>Otome Domain</title>
<genre>Love-Comi Adventure</genre>
<developer>Palette Qualia</developer>
<year>2016</year>
<my_review>First visual novel in a long time that has captured my interest enough to finish all the endings.</my_review>
</game>

<game>
<title>Megadimension Neptunia VII</title>
<genre>Japanese Role-Playing Game</genre>
<developer>Compile Heart</developer>
<year>2015</year>
<my_review>The newest Neptunia game to make it's way to PC. Has a improved system over it's predecessors with the usual Neppy goodness.</my_review>
</game>


</favourites>